name;region;sug1;sug2;sug3;sug4;sug5;sug6;sug7;sug8;sug9;sug10
AGSM at UNSW Business School;North America;agsm at unsw business school;is agsm mba worth it;does university of alabama have a good business school;;;;;;;
Alberta School of Business;North America;alberta school of business;alberta school of business mba fees;alberta school of business ranking;alberta school of business mba requirements;alberta school of business mba;alberta school of business acceptance rate;alberta school of business mba fees for international students;alberta school of business fees;alberta school of business scholarships;alberta school of business masters in finance
Alliance Manchester Business School;Europe;alliance manchester business school;alliance manchester business school ranking;alliance manchester business school photos;alliance manchester business school acceptance rate;alliance manchester business school mba fees;alliance manchester business school address;alliance manchester business school fees;alliance manchester business school reviews;alliance manchester business school dubai;alliance manchester business school online mba
Arizona State University WP Carey;North America;arizona state university wp carey;arizona state university wp carey acceptance rate;arizona state university wp carey/snai emba;arizona state university wp carey mba;arizona state university wp carey ranking;asu wp carey requirements;asu wp carey acceptance rate;;;
Audencia;Europe;audencia business school;audencia;audencia nantes;audiencias tv;audencia tomorrow;audiencia nacional;audiencia grand prix;audiencias asi es la vida;audiencia;audiencias telecinco
Babson College Olin;North America;babson college olin;babson college olin mba;babson college olin hall;babson college (olin) (ma);is olin college part of babson;babson college requirements;babson college benefits;babson college history;;
Bayes Business School formerly Cass;Europe;bayes business school (formerly cass);bayes (formerly called cass) business school dubai international financial centre;bayes business school ranking;asian school of business bba fees;;;;;;
Birmingham Business School;Europe;birmingham business school;birmingham business school ranking;birmingham business school mba;birmingham business school acceptance rate;birmingham business school photos;birmingham business school qs ranking;birmingham business school staff;birmingham business school dubai;birmingham business school address;birmingham business school dean
Boston College Carroll;North America;boston college carroll school of management;boston college carroll school of management acceptance rate;boston college carroll school of management ranking;boston college carroll acceptance rate;boston college carroll mba;boston college carroll school of management undergraduate acceptance rate;boston college carroll school of management majors;boston college carroll school acceptance rate;boston college carroll school of management faculty;boston college carroll graduate school of management
Boston University Questrom School of Business;North America;boston university questrom school of business;boston university questrom school of business ranking;boston university questrom school of business behavioral lab;boston university questrom school of business online mba;boston university questrom school of business news;boston university questrom school of business undergraduate;boston university questrom school of business acceptance rate;boston university questrom school of business mba;boston university questrom school of business undergraduate acceptance rate;boston university questrom school of business faculty
Brigham Young University Marriott;North America;brigham young university marriott school of business;brigham young university marriott center;brigham young university (marriott) mba;brigham young university marriott school;brigham young university address and phone number;brigham young university mba fees;brigham young university mailing address;can anyone go to brigham young university;;
Carnegie Mellon Tepper;North America;carnegie mellon tepper;carnegie mellon tepper mba;carnegie mellon tepper online mba;carnegie mellon tepper ranking;carnegie mellon tepper acceptance rate;carnegie mellon tepper mba class profile;carnegie mellon tepper academic calendar;carnegie mellon tepper building;carnegie mellon tepper reddit;carnegie mellon tepper mba ranking
Case Western Reserve University Weatherhead School of Management;North America;case western reserve university weatherhead school of management;case western reserve university weatherhead school of management ranking;;;;;;;;
Ceibs;Asia;ceibs;ceibs mba;ceibs ghana;ceibs ranking;ceibs mba fees;ceibs emba;ceibs switzerland;ceibs africa;ceibs nigeria;ceibs logo
City University of Hong Kong;Asia;city university of hong kong;city university of hong kong ranking;city university of hong kong address;city university of hong kong acceptance rate;city university of hong kong world ranking;city university of hong kong photos;city university of hong kong career;city university of hong kong scholarship;city university of hong kong logo;city university of hong kong library
Columbia Business School;North America;columbia business school;columbia business school mba;columbia business school online;columbia business school acceptance rate;columbia business school ranking;columbia business school mba fees;columbia business school executive education;columbia business school application;columbia business school academic calendar;columbia business school course catalog
Copenhagen Business School;Europe;copenhagen business school;copenhagen business school ranking;copenhagen business school acceptance rate;copenhagen business school mba;copenhagen business school fees;copenhagen business school mba fees;copenhagen business school photos;copenhagen business school masters;copenhagen business school logo;copenhagen business school phd
Coppead;South America;coppead;coppead ufrj;coppead graduate school of business;coppead mba;coppead alumni;coppead mestrado;coppead/ufrj;coppead institute of administration;coppead ufrj mba;copperhead road
Cornell University Johnson;North America;cornell university johnson;cornell university johnson mba;cornell university johnson museum;cornell university johnson mba fees;cornell university johnson mba class profile;cornell university johnson acceptance rate;cornell university (johnson) business school overview;cornell johnson college;cornell university johnson/queen's university smith;johnson cornell university ranking
Cranfield School of Management;Europe;cranfield school of management;cranfield school of management ranking;cranfield school of management qs ranking;cranfield school of management mba;cranfield school of management acceptance rate;cranfield school of management mba fees;cranfield school of management photos;cranfield school of management world ranking;cranfield school of management logo;cranfield school of management mim
CUHK Business School;Asia;cuhk business school;cuhk business school ranking;cuhk business school dean;cuhk business school address;cuhk business school calculator;cuhk business school alumni;cuhk business school scholarship;cuhk business school interview;cuhk business school town centre;cuhk business school exchange
Dartmouth College Tuck;North America;dartmouth college tuck;dartmouth college tuck mba;dartmouth college tuck acceptance rate;dartmouth college tucker foundation;dartmouth college tuck school of business ranking;dartmouth college tuck school;dartmouth college tuck mba admissions;dartmouth college tuck application deadline;trustees of dartmouth college tuck annual giving;dartmouth tuck application deadline
Duke University's Fuqua School of Business;North America;duke university's fuqua school of business;duke university fuqua school of business ranking;duke university fuqua school of business acceptance rate;duke university fuqua school of business fees;duke university fuqua school of business dubai;duke university fuqua school of business grading scale;duke university - the fuqua school of business staff directory;duke university fuqua school of business master of management studies;does duke have a business school;is fuqua a good business school
Durham University Business School;Europe;durham university business school;durham university business school ranking;durham university business school mba;durham university business school online mba;durham university business school address;durham university business school mba fees;durham university business school photos;durham university business school qs ranking;durham university business school staff;durham university business school logo
Eada Business School Barcelona;Europe;;;;;;;;;;
Edhec Business School;Europe;edhec business school;edhec business school ranking;edhec business school nice;edhec business school lille;edhec business school acceptance rate;edhec business school fees;edhec business school photos;edhec business school paris;edhec business school mba fees;edhec business school mba
EMLyon Business School;Europe;emlyon business school;emlyon business school ranking;emlyon business school paris;emlyon business school acceptance rate;emlyon business school fees;emlyon business school photos;emlyon business school reviews;emlyon business school mim;emlyon business school mba fees;emlyon business school mba
Emory University Goizueta;North America;emory university goizueta business school;emory university goizueta business school ranking;emory university goizueta business school acceptance rate;emory university goizueta business school requirements;emory university (goizueta) mba;emory university goizueta business school undergraduate;emory university goizueta business school dean;emory university goizueta business;emory university goizueta mba curriculum;emory university goizueta scholarship
Esade Business School;Europe;esade business school;esade business school ranking;esade business school madrid;esade business school acceptance rate;esade business school fees;esade business school campus;esade business school jobs;esade business school mba;esade business school qs ranking;esade business school mba fees
ESCP Business School;Europe;escp business school;escp business school madrid;escp business school london;escp business school logo;escp business school ranking;escp business school acceptance rate;escp business school fees;escp business school berlin;escp business school photos;escp business school mba
ESMT Berlin;Europe;esmt berlin;esmt berlin ranking;esmt berlin mba fees;esmt berlin mba;esmt berlin acceptance rate;esmt berlin mim;esmt berlin qs ranking;esmt berlin mba requirements;esmt berlin online mba;esmt berlin world ranking
Essec Business School;Europe;essec business school;essec business school ranking;essec business school singapore;essec business school fees;essec business school photos;essec business school acceptance rate;essec business school mim;essec business school mba;essec business school reviews;essec business school address
Fordham University Gabelli;North America;fordham university gabelli school of business;fordham university gabelli school of business ranking;fordham university gabelli school of business acceptance rate;fordham university gabelli school of business rose hill;fordham university gabelli school of business academic calendar;fordham university gabelli school of business lincoln center;fordham university gabelli school of business graduation 2023;fordham university gabelli school of business logo;fordham university requirements;fordham university application deadline
Frankfurt School of Finance and Management;Europe;frankfurt school of finance and management;frankfurt school of finance and management ranking;frankfurt school of finance and management acceptance rate;frankfurt school of finance and management fees;frankfurt school of finance and management mba;frankfurt school of finance and management qs ranking;frankfurt school of finance and management mim;frankfurt school of finance and management world ranking;frankfurt school of finance and management mba placements;frankfurt school of finance and management average salary
Fudan University School of Management;Asia;fudan university school of management;fudan university school of management ranking;fudan university school of management mba;fudan university mba requirements;is fudan university a good school;does fudan university teach in english;what is fudan university known for;;;
George Washington University;North America;george washington university;george washington university ranking;george washington university hospital;george washington university acceptance rate;george washington university law school;george washington university tuition;george washington university mascot;george washington university cost;george washington university medical school;george washington university school of medicine
Georgetown University McDonough;North America;georgetown university mcdonough school of business;georgetown university mcdonough school of business ranking;georgetown university mcdonough school of business acceptance rate;georgetown university mcdonough school of business undergraduate acceptance rate;georgetown university mcdonough school of business logo;georgetown university mcdonough arena;georgetown university mcdonough mba;georgetown university mcdonough school of business tuition;georgetown university mcdonough school of business mba;georgetown university mcdonough school of business undergraduate
Georgia Tech Scheller College of Business;North America;georgia tech scheller college of business;georgia tech scheller college of business ranking;georgia tech scheller college of business acceptance rate;georgia tech scheller college of business mba;georgia tech scheller college of business - quantitative & computational finance;georgia tech scheller college of business dean‚Äôs scholarship;georgia tech scheller college of business majors;georgia tech - scheller college of business - mba program;does georgia tech have a business school;is georgia tech a good business school
Grenoble Ecole de Management;Europe;grenoble ecole de management;grenoble ecole de management ranking;grenoble ecole de management paris;grenoble ecole de management fees;grenoble ecole de management photos;grenoble ecole de management acceptance rate;grenoble ecole de management qs ranking;grenoble ecole de management france;grenoble ecole de management singapore;grenoble ecole de management reviews
Harvard Business School;North America;harvard business school;harvard business school online;harvard business school publishing;harvard business school online courses;harvard business school mba;harvard business school acceptance rate;harvard business school online free courses;harvard business school fees;harvard business school case studies;harvard business school executive education
HEC Paris;Europe;hec paris;hec paris ranking;hec paris mba;hec paris mba price;hec paris acceptance rate;hec paris masters;hec paris phd;hec paris logo;hec paris campus;hec paris portal
HKU Business School;Asia;hku business school;hku business school ranking;hku business school career portal;hku business school exchange;hku business school courses;hku business school faculty;hku business school interview;hku business school phd;hku business school address;hku business school acceptance rate
HKUST Business School;Asia;hkust business school;hkust business school ranking;hkust business school central;hkust business school faculty;hkust business school exchange;hkust business school qs ranking;hkust business school mba;hkust business school acceptance rate;hkust business school dean;hkust business school interview
Hult International Business School;Europe;hult international business school;hult international business school ranking;hult international business school london;hult international business school boston;hult international business school dubai;hult international business school acceptance rate;hult international business school san francisco;hult international business school fees;hult international business school location;hult international business school uk
IE Business School;Europe;ie business school;ie business school ranking;ie business school precio;ie business school mba fees;ie business school fees;ie business school logo;ie business school acceptance rate;ie business school ranking 2023;ie business school dean;ie business school courses
Iese Business School;Europe;iese business school;iese business school address;iese business school ranking;iese business school madrid;iese business school jobs;iese business school fees;iese business school precio;iese business school logo;iese business school acceptance rate;iese business school mba
Imperial College Business School;Europe;imperial college business school;imperial college business school ranking;imperial college business school acceptance rate;imperial college business school mba;imperial college business school mba fees;imperial college business school logo;imperial college business school fees;imperial college business school online mba;imperial college business school executive education;imperial college business school address
Incae Business School;South America;incae business school;incae business school ranking;incae business school photos;incae business school mba;incae business school logo;incae business school panama;incae business school of costa rica;incae business school nicaragua;incae business school mba fees;
Indian Institute of Management Ahmedabad;Asia;indian institute of management ahmedabad;indian institute of management ahmedabad notable alumni;indian institute of management ahmedabad rankings;indian institute of management ahmedabad fees;indian institute of management ahmedabad news;indian institute of management ahmedabad mba fees;indian institute of management ahmedabad course admissions fees;indian institute of management ahmedabad average package;indian institute of management ahmedabad address;indian institute of management ahmedabad cut off
Indian Institute of Management Bangalore;Asia;indian institute of management bangalore;indian institute of management bangalore photos;indian institute of management bangalore fees;indian institute of management bangalore reviews;indian institute of management bangalore notable alumni;indian institute of management bangalore mba fees;indian institute of management bangalore rankings;indian institute of management bangalore fee structure;indian institute of management bangalore address;indian institute of management bangalore bba fees
Indian Institute of Management Calcutta;Asia;indian institute of management calcutta rankings;indian institute of management calcutta;indian institute of management calcutta course admissions;indian institute of management calcutta notable alumni;indian institute of management calcutta fees;indian institute of management calcutta rankings nirf;indian institute of management calcutta course admissions fees;indian institute of management calcutta address;indian institute of management calcutta courses;indian institute of management calcutta cut off
Indian Institute of Management Indore;Asia;indian institute of management indore;indian institute of management indore course admissions;indian institute of management indore rankings;indian institute of management indore notable alumni;indian institute of management indore fees;indian institute of management indore mba fees;indian institute of management indore bba fees;indian institute of management indore fees structure;indian institute of management indore placement;indian institute of management indore average package
Indian Institute of Management Lucknow;Asia;indian institute of management lucknow;indian institute of management lucknow rankings;indian institute of management lucknow notable alumni;indian institute of management lucknow fees;indian institute of management lucknow course admissions fees;indian institute of management lucknow noida campus;indian institute of management lucknow placement;indian institute of management lucknow cutoff;indian institute of management lucknow address;indian institute of management lucknow bba fees
Indian School of Business;Asia;indian school of business;indian school of business and finance;indian school of business management and administration;indian school of business fees;indian school of business mohali;indian school of business ranking;indian school of business notable alumni;indian school of business hyderabad address;indian school of business bangalore;indian school of business placements
Indiana University Kelley;North America;indiana university kelley school of business;indiana university kelley acceptance rate;indiana university kelley school of business ranking;indiana university kelley study abroad;indiana university kelley mba;indiana university kelley school of business online mba;indiana university kelley school of business logo;indiana university kelley school of business tuition;indiana university kelley undergraduate acceptance rate;indiana university kelley school of business admissions
Insead;Europe;insead;insead mba;insead singapore;insead mba fees;insead executive mba;insead mba price;insead executive education;insead logo;insead ranking;insead mim
International Institute for Management Development IMD;Europe;international institute for management development imd;international institute for management development (imd) world competitiveness ranking;international institute for management development (imd) switzerland;international institute for management development(imd) world talent ranking;international institute for management development (imd) mba;international institute for management development (imd) world competitiveness ranking 2023;international institute for management development (imd) world competitiveness ranking 2022;international institute for management development (imd) world competitiveness ranking 2020;the international institute for management development (imd) is an independent academic institution;international institute for management development ranking
Ipade Business School;South America;ipade business school;ipade business school ranking;ipade business school logo;ipade business school monterrey;ipade business school mexico;ipade business school mba fees;ipade business school universidad panamericana;ipade business school wikipedia;ipade business school wiki;ipade business school exchange
Korea University Business School;Asia;korea university business school;korea university business school ranking;korea university business school fees;korea university business school international students;korea university business school (kubs);korea university business school photos;korea university business school undergraduate courses;korea university business school exchange;korea university business school scholarship;korea university business school faculty
Lancaster University Management School;Europe;lancaster university management school;lancaster university management school ranking;lancaster university management school qs ranking;lancaster university management school photos;lancaster university management school acceptance rate;lancaster university management school mba;lancaster university management school staff;lancaster university management school world ranking;lancaster university management school logo;lancaster university management school mba fees
Leeds University Business School;Europe;leeds university business school;leeds university business school ranking;leeds university business school scholarships;leeds university business school photos;leeds university business school acceptance rate;leeds university business school qs ranking;leeds university business school address;leeds university business school mba;leeds university business school mba fees;leeds university business school reviews
London Business School;Europe;london business school;london business school acceptance rate;london business school mba;london business school ranking;london business school mba fees;london business school undergraduate;london business school online;london business school ib requirements;london business school entry requirements;london business school summer school
Macquarie Business School;Asia;macquarie business school;macquarie business school ranking;macquarie business school qs ranking;macquarie business school mba;macquarie business school address;macquarie business school mba fees;macquarie business school logo;macquarie business school reviews;macquarie business school city campus;macquarie business school dean
Mannheim Business School;Europe;mannheim business school;mannheim business school mba fees;mannheim business school ranking;mannheim business school mba;mannheim business school acceptance rate;mannheim business school ggmbh;mannheim business school public or private;mannheim business school mba requirements;mannheim business school mba fees for indian students;mannheim business school gmat score
McGill University Desautels;North America;mcgill university desautels;mcgill university desautels master of management in finance;mcgill university desautels faculty of management requirements;mcgill university desautels faculty of management ranking;mcgill desautels core courses;mcgill university size;mcgill desautels admission requirements;is mcgill desautels good;;
Melbourne Business School;North America;melbourne business school;melbourne business school mba fees;melbourne business school ranking;melbourne business school online;melbourne business school short courses;melbourne business school acceptance rate;melbourne business school scholarships;melbourne business school photos;melbourne business school placements;melbourne business school world ranking
Miami Herbert Business School;North America;miami herbert business school;miami herbert business school ranking;miami herbert business school photos;miami herbert business school acceptance rate;miami herbert business school tuition;miami herbert business school requirements;miami herbert business school reviews;miami herbert business school logo;miami herbert business school dean;miami herbert business school mba
Michigan State University Broad;North America;michigan state university broad college of business;michigan state university broad mba;michigan state university broad art museum;michigan state university broad college of business ranking;michigan state university broadcastify;michigan state university broad museum;michigan state university broad college of business application;michigan state university broadcast journalism;michigan state university broad school;michigan state university broad college
MIT Sloan;North America;mit sloan;mit sloan management review;mit sloan executive education;mit sloan mba;mit sloan fellows;mit sloan xr;mit sloan academic calendar;mit sloan acceptance rate;mit sloan degrees;mit sloan degrees nyt
Nanyang Business School NTU Singapore;Asia;nanyang business school ntu singapore;nanyang business school ntu singapore mba;is nanyang business school good;nanyang business school courses;nanyang business school admission requirements;;;;;
National University of Singapore Business School;Asia;national university of singapore business school;national university of singapore business school ranking;national university of singapore business school mba fees;national university of singapore business school fees;national university of singapore business school mba;national university of singapore business school faculty;national university of singapore business school address;national university of singapore business school dean;national university of singapore graduate school;national university of singapore business administration
New York University Stern;North America;new york university stern school of business;new york university stern school of business reviews;new york university stern school of business fees;new york university stern acceptance rate;new york university stern school of business notable alumni;new york university stern mba;new york university stern address;new york university stern school of business mba;new york university stern center for sustainable business;new york university stern school of business cost
Northeastern University D'Amore-McKim;North America;northeastern university d'amore-mckim school of business;northeastern university d'amore-mckim school of business acceptance rate;northeastern university d'amore mckim admissions;northeastern d'amore mckim acceptance rate;;;;;;
Northwestern University Kellogg School of Management;North America;northwestern university kellogg school of management;northwestern university kellogg school of management ranking;northwestern university kellogg school of management mba;northwestern university kellogg school of management executive education;northwestern university kellogg school of management online mba;northwestern university - kellogg school of management staff directory;kellogg school of management northwestern university the family office leadership program;northwestern university kellogg executive mba cost;kellogg school of management world ranking;does northwestern have a good business school
Ohio State University Fisher;North America;ohio state university fisher college of business;ohio state university fisher college of business ranking;ohio state university fisher college of business acceptance rate;ohio state university fisher college;ohio state university fisher college of business admissions;ohio state university fisher mba;ohio state university fisher acceptance rate;ohio state university fisher college of business career services;ohio state university fisher school;the ohio state university fisher college of business staff directory
Peking University Guanghua School of Management;Asia;peking university guanghua school of management;peking university guanghua school of management ranking;peking university mba ranking;peking university business school ranking;peking university mba fees;is peking university good;is peking university the same as beijing university;;;
Pennsylvania State University Smeal;North America;pennsylvania state university smeal;pennsylvania state university smeal mba;penn state smeal requirements;penn state smeal gpa requirements;penn state smeal average salary;;;;;
Politecnico di Milano School of Management;Europe;politecnico di milano school of management;politecnico di milano school of management online mba;politecnico di milano school of management ranking;politecnico di milano school of management international flex mba;politecnico di milano school of management fees;politecnico di milano school of management master;politecnico di milano department of management economics and industrial engineering;mip politecnico di milano school of management;politecnico di milano graduate school of management;mip politecnico di milano school of management- neoma business school
Purdue University Krannert;North America;purdue university krannert school of management;purdue university krannert school of management ranking;purdue university krannert school of management acceptance rate;purdue university (krannert graduate school of management);purdue university krannert school of management faculty;purdue university krannert school of management west lafayette in;purdue university krannert scholarships;purdue university krannert majors;purdue university krannert concentration;purdue university krannert requirements
Queen's University Smith;North America;queen's university smith school of business;queen's university smith school of business ranking;queen's university smith mba;queen's university smith house;queen's university smith school of business tuition;steven smith queen's university;cornell university johnson/queen's university smith;is queen's university prestigious;queen's university world ranking;
Renmin University of China Business School RMBS;Asia;renmin university of china business school;renmin university of china mba;renmin business school ranking;renmin business school;renmin university business school;;;;;
Rice University Jones;North America;rice university jones;rice university jones college;rice university jones mba;rice university jones business school;rice university jones college dorms;rice university (jones) online mba;rice university mark jones;is rice university prestigious;what is rice university known for;rice university rice box examples
Rotterdam School of Management Erasmus University;Europe;rotterdam school of management erasmus university;rotterdam school of management erasmus university ranking;rotterdam school of management erasmus university mim;rotterdam school of management erasmus university acceptance rate;rotterdam school of management erasmus university mba;rotterdam school of management erasmus university phd;rotterdam school of management erasmus university mba fees;rotterdam school of management erasmus university world ranking;rotterdam school of management erasmus university msc international management;rotterdam school of management erasmus university rotterdam netherlands
Rutgers Business School;North America;rutgers business school;rutgers business school ranking;rutgers business school acceptance rate;rutgers business school majors;rutgers business school photos;rutgers business school requirements;rutgers business school commencement 2023;rutgers business school transfer requirements;rutgers business school tuition;rutgers business school logo
SDA Bocconi School of Management;Europe;sda bocconi school of management;sda bocconi school of management photos;sda bocconi school of management mumbai;sda bocconi school of management ranking;sda bocconi school of management mba fees;sda bocconi school of management fees;sda bocconi school of management mba;sda bocconi school of management reviews;sda bocconi school of management qs ranking;sda bocconi school of management acceptance rate
Shanghai Jiao Tong University Antai;Asia;shanghai jiao tong university antai college of economics & management;shanghai jiao tong university antai global summer school;is shanghai jiao tong university good;shanghai jiao tong university requirements;shanghai jiao tong university mba requirements;shanghai jiao tong university application deadline;shanghai jiao tong university courses;;;
Shanghai University of Finance and Economics College of Business;Asia;shanghai university of finance and economics college of business;;;;;;;;;
Singapore Management University Lee Kong Chian;Asia;singapore management university lee kong chian;lee kong chian museum review;lee kong chian museum opening hours;lee kong chian school of medicine address;lee kong chian natural history museum opening hours;lee kong chian natural history museum admission fee;;;;
SMU Cox;North America;smu cox;smu cox school of business ranking;smu cox mba;smu cox acceptance rate;smu cox resume template;smu cox school of business acceptance rate;smu cox academic calendar;smu cox logo;smu cox majors;smu cox faculty
Stanford Graduate School of Business;North America;stanford graduate school of business;stanford graduate school of business photos;stanford graduate school of business mba fees;stanford graduate school of business acceptance rate;stanford graduate school of business mba;stanford graduate school of business notable alumni;stanford graduate school of business reviews;stanford graduate school of business mba requirements;stanford graduate school of business ranking;stanford graduate school of business mba eligibility
Sungkyunkwan University GSB;Asia;sungkyunkwan university gsb;sungkyunkwan university gsb mba fees;sungkyunkwan university gsb mba;is sungkyunkwan university good;;;;;;
Temple University Fox;North America;temple university fox school of business;temple university fox school of business acceptance rate;temple university fox school of business ranking;temple university fox chase cancer center;temple university fox advising;temple university fox school of business tuition;temple university fox fund;temple university fox school of business faculty;temple university fox school of business graduate programs;temple university fox resume template
Texas A & M University Mays;North America;texas a & m university mays;texas a&m university mays business school;texas a&m university mays business school ranking;texas a&m university graduation may 2023;what is a texas a and m aggie;texas a&m mays business school transfer requirements;texas a and m application deadline;;;
The Lisbon MBA Catolica  Nova;Europe;;;;;;;;;;
Tias Business School Tilburg University;Europe;tias business school tilburg university;tias business school tilburg university mba;;;;;;;;
Tongji University School of Economics and Management;Asia;tongji university school of economics and management;tongji university school of economics and management ranking;zagreb school of economics and management ranking;is tongji university good;tongji university tuition fees for international students;;;;;
Trinity College Dublin Trinity Business School;Europe;trinity college dublin trinity business school;trinity college dublin - trinity business school msc in international management;trinity college dublin business school ranking;trinity college dublin business school accreditation;trinity college dublin graduate school acceptance rate;trinity college dublin graduate school;trinity business school trinity college dublin ireland;trinity college dublin opening hours;is trinity college dublin prestigious;trinity college dublin entry requirements
Tsinghua University School of Economics and Management;Asia;tsinghua university school of economics and management;tsinghua university school of economics and management ranking;tsinghua university school of economics and management advisory board;advisory board of the tsinghua university school of economics and management in beijing;is tsinghua university good for international students;is tsinghua university good;what is tsinghua university known for;does tsinghua university teach in english;;
Tulane University Freeman;North America;tulane university freeman school of business;tulane university freeman;tulane university freeman school of business ranking;what is tulane university best known for;;;;;;
UCLA Anderson School of Management;North America;ucla anderson school of management;ucla anderson school of management ranking;ucla anderson school of management mba fees;ucla anderson school of management acceptance rate;ucla anderson school of management mba;ucla anderson school of management world ranking;ucla anderson school of management reviews;ucla anderson school of management tuition;ucla anderson school of management logo;ucla anderson school of management phone number
UCT Graduate School of Business;Africa;uct graduate school of business;uct graduate school of business conference centre;uct graduate school of business vacancies;university of cape town graduate school of business ranking;university of cape town graduate school of business accreditation;university of cape town graduate school of business mba program;average gre for business schools;usc business grad school requirements;uct business school courses;
University College Dublin Smurfit;Europe;university college dublin smurfit;university college dublin smurfit mim;university college dublin smurfit mba;university college dublin smurfit ranking;is university college dublin good;what is university college dublin known for;ucd smurfit fees;ucd smurfit ranking;;
University of Bath School of Management;Europe;university of bath school of management;university of bath school of management acceptance rate;university of bath school of management ranking;university of bath school of management address;university of bath school of management building;university of bath school of management staff;university of bath school of management logo;university of bath school of management world ranking;university of bath school of management dean;university of bath school of management jobs
University of British Columbia Sauder;North America;university of british columbia sauder school of business;university of british columbia sauder school of business requirements;university of british columbia sauder school of business ranking;university of british columbia sauder mba;sauder ubc requirements;ubc sauder registration dates;ubc sauder application deadline;;;
University of California at Berkeley Haas;North America;university of california at berkeley haas;university of california at berkeley haas mba;university of california--berkeley (haas) business analytics;university of california berkeley haas acceptance rate;university of california berkeley mba fees;university of california berkeley mba requirements;university of california berkeley mba acceptance rate;university of california berkeley mba ranking;university of california berkeley mba deadline;university of california berkeley mba online
University of California at Davis;North America;university of california at davis;university of california at davis ranking;university of california at davis veterinary school;university of california at davis mba;university of california at davis medical center;university of california at davis law school;university of california at davis mathematics;university of california at davis calendar;university of california at davis philosophy;university of california at davis transfer
University of California at Irvine Merage;North America;university of california at irvine merage;university of california irvine mba;university of california irvine mba ranking;university of california irvine mba fees;university of california irvine mba requirements;university of california irvine mba cost;university of california irvine mba acceptance rate;university of california irvine mba employment report;is uc irvine a party school;
University of California at San Diego Rady;North America;university of california--san diego (rady);university of california san diego rady children's hospital;difference between san diego state and ucsd;who is rady in san diego;;;;;;
University of Cambridge Judge;Europe;university of cambridge judge business school;university of cambridge judge business school ranking;university of cambridge judge business school acceptance rate;university of cambridge judge mba;university of cambridge judge business school logo;university of cambridge judge business school executive education;university of cambridge judge business school mba;university of cambridge judge mba fees;cambridge judge fees;cambridge judge deadlines
University of Chicago Booth;North America;university of chicago booth;university of chicago booth acceptance rate;university of chicago booth mba;university of chicago booth school of business acceptance rate;university of chicago booth school of business ranking;university of chicago booth emba;university of chicago booth school of business mba fees;university of chicago booth london;university of chicago booth bookstore;university of chicago booth application
University of Connecticut School of Business;North America;university of connecticut school of business;university of connecticut school of business ranking;university of connecticut business school acceptance rate;university of connecticut business school faculty;;;;;;
University of Edinburgh Business School;Europe;university of edinburgh business school;university of edinburgh business school ranking;university of edinburgh business school acceptance rate;university of edinburgh business school address;university of edinburgh business school mba;university of edinburgh business school logo;university of edinburgh business school photos;university of edinburgh business school staff;university of edinburgh business school msc in business analytics;university of edinburgh business school mba fees
University of Florida Warrington;North America;university of florida warrington;university of florida warrington online mba;university of florida warrington mba;university of florida warrington acceptance rate;university of florida warrington ranking;university of florida warrington school of business;university of florida warrington mba fees;university of florida warrington mba acceptance rate;university of florida warrington mba requirements;university of florida warrington online mba fees
University of Georgia Terry;North America;university of georgia terry college of business;university of georgia terry mba;university of georgia terry college of business ranking;university of georgia terry school of business;university of georgia terry college;university of georgia terry college of business acceptance rate;university of georgia terry college of business logo;university of georgia terry online mba;uga terry average salary;uga terry application deadline
University of Illinois at Urbana-Champaign;North America;university of illinois at urbana-champaign;university of illinois at urbana-champaign ranking;university of illinois at urbana-champaign acceptance rate;university of illinois at urbana-champaign address;university of illinois at urbana-champaign graduate programs;university of illinois at urbana-champaign location;university of illinois at urbana-champaign tuition;university of illinois at urbana-champaign ielts requirement;university of illinois at urbana-champaign computer science;university of illinois at urbana-champaign logo
University of Iowa Tippie;North America;university of iowa tippie college of business;university of iowa tippie college of business ranking;university of iowa tippie acceptance rate;university of iowa tippie college of business logo;university of iowa tippie school of business;university of iowa tippie requirements;university of iowa tippie tuition;university of iowa tippie college of business acceptance rate;university of iowa tippie college of business requirements;
University of Maryland Smith;North America;university of maryland smith school of business;university of maryland smith school of business ranking;university of maryland smith school of business acceptance rate;university of maryland smith mba;university of maryland smith school of business graduation 2023;university of maryland smith school career fair;university of maryland smith business;university of maryland clarice smith;university of maryland mba cost;university of maryland mba online
University of Massachusetts Amherst Isenberg;North America;university of massachusetts amherst isenberg;university of massachusetts amherst isenberg school of management;university of massachusetts amherst isenberg online mba;university of massachusetts amherst isenberg ranking;university of massachusetts amherst isenberg mba;average gpa for umass amherst isenberg;what is university of massachusetts amherst known for;is umass amherst prestigious;how large is umass amherst;
University of Michigan Ross;North America;university of michigan ross;university of michigan ross acceptance rate;university of michigan ross mba;university of michigan ross school of business ranking;university of michigan ross online mba;university of michigan ross application;university of michigan ross tuition;university of michigan ross transfer acceptance rate;university of michigan ross mba acceptance rate;university of michigan ross logo
University of Minnesota Carlson;North America;university of minnesota carlson school of management;university of minnesota carlson acceptance rate;university of minnesota carlson school of management ranking;university of minnesota carlson tuition;university of minnesota carlson school of management acceptance rate;university of minnesota carlson career fair;university of minnesota carlson study abroad;university of minnesota carlson school of business acceptance rate;university of minnesota carlson school of management study abroad;university of minnesota carlson graduation
University of North Carolina Kenan-Flagler;North America;university of north carolina kenan-flagler;university of north carolina kenan-flagler school of business;university of north carolina kenan-flagler online mba;university of north carolina kenan-flagler mba;university of north carolina--chapel hill (kenan-flagler) online mba cost;unc kenan flagler application deadline;kenan flagler application deadline;;;
University of Notre Dame Mendoza;North America;university of notre dame mendoza;university of notre dame mendoza college of business at chicago;university of notre dame mendoza college of business at chicago photos;university of notre dame mendoza ranking;university of notre dame mba;university of notre dame mba acceptance rate;university of notre dame mba fees;university of notre dame mba online;university of notre dame mba requirements;university of notre dame mba employment report
University of Oxford Saïd;Europe;;;;;;;;;;
University of Pennsylvania Wharton;North America;university of pennsylvania wharton;university of pennsylvania wharton acceptance rate;university of pennsylvania wharton mba fees;university of pennsylvania wharton mba;university of pennsylvania wharton address;university of pennsylvania wharton ranking;university of pennsylvania wharton school of business address;university of pennsylvania wharton mba requirements;university of pennsylvania wharton undergraduate acceptance rate;university of pennsylvania wharton undergraduate
University of Pittsburgh Katz;North America;university of pittsburgh katz graduate school of business;university of pittsburgh katz mba;university of pittsburgh katz ranking;university of pittsburgh katz faculty;difference between university of pittsburgh campuses;what is university of pittsburgh known for;what is the university of pittsburgh best known for;;;
University of Rochester Simon Business School;North America;university of rochester simon business school;university of rochester simon business school ranking;university of rochester simon business school acceptance rate;university of rochester simon business school fees;university of rochester simon business school mba;university of rochester simon business school academic calendar;;;;
University of San Diego School of Business;North America;university of san diego school of business;university of san diego school of business ranking;university of san diego school of business dean;university of san diego business school acceptance rate;university of san diego business school faculty;university of texas at san antonio - college of business;san diego state university school of business;university of san diego undergraduate business school ranking;business schools in san diego;does uc san diego have a business school
University of South Carolina Moore;North America;university of south carolina moore school of business;university of south carolina moore mba;university of south carolina moore school of business ranking;university of south carolina darla moore school of business scholarships;derrick moore university of south carolina;university of south carolina darla moore school of business faculty;dale moore university of south carolina;;;
University of Southern California Marshall;North America;university of southern california marshall;university of southern california marshall school of business ranking;university of southern california marshall (usc marshall);university of southern california marshall mba fees;university of southern california marshall address;university of southern california marshall school of business logo;university of southern california marshall school of business acceptance rate;university of southern california marshall acceptance rate;usc marshall requirements;usc marshall gpa requirements
University of St Gallen;Europe;university of st gallen;university of st gallen ranking;university of st gallen acceptance rate;university of st gallen mba;university of st gallen mim;university of st gallen fees;university of st gallen scholarship;university of st gallen mba fees;university of st gallen world ranking;university of st gallen masters
University of Strathclyde Business School;Europe;university of strathclyde business school;university of strathclyde business school ranking;university of strathclyde business school- uae;university of strathclyde business school address;university of strathclyde business school logo;university of strathclyde business school dubai;university of strathclyde business school mba fees;university of strathclyde business school mba;university of strathclyde business school - dubai campus;is strathclyde business school good
University of Texas at Austin McCombs;North America;university of texas at austin mccombs;university of texas at austin mccombs acceptance rate;university of texas at austin mba;university of texas at austin mba fees;university of texas at austin mba program;university of texas at austin mba requirements;university of texas at austin mba acceptance rate;university of texas at austin mba ranking;university of texas at austin mba deadlines;university of texas at austin mba admissions
University of Texas at Dallas Jindal;North America;university of texas at dallas jindal;university of texas at dallas jindal mba;university of texas--dallas (naveen jindal) online mba;university of texas--dallas (naveen jindal) rankings;does ut dallas have a law school;what gpa is required for ut dallas;is ut dallas a good business school;how large is university of texas;;
University of Toronto Rotman;North America;university of toronto rotman;university of toronto rotman commerce;university of toronto rotman acceptance rate;university of toronto rotman mba;university of toronto rotman school of management ranking;university of toronto rotman school of management acceptance rate;university of toronto rotman commerce tuition fees;university of toronto rotman fees;university of toronto rotman admission requirements;university of toronto rotman undergraduate
University of Virginia Darden;North America;university of virginia darden school of business;university of virginia darden school of business ranking;university of virginia darden school foundation;university of virginia darden mba;university of virginia darden acceptance rate;university of virginia darden school;university of virginia darden school of business mba fees;university of virginia darden executive education;university of virginia darden mba ranking;university of virginia darden online mba
University of Washington Michael G Foster;North America;university of washington michael g foster;;;;;;;;;
Vanderbilt University Owen;North America;vanderbilt university owen graduate school of management;vanderbilt university owen mba;vanderbilt university act range;vanderbilt university application deadline;vanderbilt university sat scores;;;;;
Vlerick Business School;Europe;vlerick business school;vlerick business school ranking;vlerick business school brussels;vlerick business school mba fees;vlerick business school leuven;vlerick business school fees;vlerick business school photos;vlerick business school acceptance rate;vlerick business school online mba;vlerick business school tuition fees
Wake Forest University Babcock;North America;wake forest university babcock hall;where is wake forest university located;is wake forest university prestigious;what is wake forest university known for;banks near wake forest university;;;;;
Warwick Business School;Europe;warwick business school;warwick business school ranking;warwick business school acceptance rate;warwick business school mba;warwick business school mba fees;warwick business school online mba;warwick business school photos;warwick business school qs ranking;warwick business school address;warwick business school mim
Washington University Olin;North America;washington university olin;washington university olin business school ranking;washington university olin library;washington university olin mba;washington university olin business school acceptance rate;washington university olin business school faculty;washington university olin library catalog;washington university olin dean;washington u olin;
Western University Ivey;North America;western university ivey;western university ivey business school ranking;western university ivey acceptance rate;western university ivey business school acceptance rate;western university ivey mba;western university ivey business school tuition fee;western university ivey aeo;western university ivey master of business analytics;western university ivey dual degree;western university ivey mba fees
WHU – Otto Beisheim School of Management;Europe;;;;;;;;;;
William & Mary Mason;North America;william & mary mason school of business;william and mary mason school of business ranking;;;;;;;;
Wisconsin School of Business;North America;wisconsin school of business;wisconsin school of business ranking;wisconsin school of business acceptance rate;wisconsin school of business study abroad;wisconsin school of business majors;wisconsin school of business photos;wisconsin school of business logo;wisconsin school of business qs ranking;wisconsin school of business business analytics;wisconsin school of business mba
Yale School of Management;North America;yale school of management;yale school of management acceptance rate;yale school of management ranking;yale school of management executive education;yale school of management mba fees;yale school of management women's leadership program;yale school of management mba;yale school of management courses;yale school of management logo;yale school of management address
York University Schulich;Europe;york university schulich school of business;york university schulich school of business ranking;york university schulich requirements;york university schulich master of business analytics;york university schulich mba;york university schulich ranking;york university schulich school of business fees;york university schulich campus;york university schulich tuition;york university schulich school of business acceptance rate
